video_id,duration_sec,title
v1,244,Video 1
v2,737,Video 2
v3,559,Video 3
v4,882,Video 4
v5,540,Video 5
v6,446,Video 6
v7,504,Video 7
v8,343,Video 8
v9,298,Video 9
v10,725,Video 10
v11,727,Video 11
v12,320,Video 12
v13,844,Video 13
v14,716,Video 14
v15,752,Video 15
v16,316,Video 16
v17,857,Video 17
v18,494,Video 18
v19,493,Video 19
v20,759,Video 20
v21,779,Video 21
v22,323,Video 22
v23,379,Video 23
v24,742,Video 24
v25,496,Video 25
v26,661,Video 26
v27,587,Video 27
v28,578,Video 28
v29,887,Video 29
v30,334,Video 30
